{
	"ImportPath": "github.com/yudai/gojsondiff",
	"GoVersion": "go1.6",
	"GodepVersion": "v74",
	"Packages": [
		"./..."
	],
	"Deps": [
		{
			"ImportPath": "github.com/codegangsta/cli",
			"Comment": "1.2.0-95-g9b2bd2b",
			"Rev": "9b2bd2b3489748d4d0a204fa4eb2ee9e89e0ebc6"
		},
		{
			"ImportPath": "github.com/mattn/go-colorable",
			"Comment": "v0.0.6",
			"Rev": "ed8eb9e318d7a84ce5915b495b7d35e0cfe7b5a8"
		},
		{
			"ImportPath": "github.com/mattn/go-isatty",
			"Rev": "66b8e73f3f5cda9f96b69efd03dd3d7fc4a5cdb8"
		},
		{
			"ImportPath": "github.com/onsi/ginkgo",
			"Comment": "v1.1.0-41-g38caab9",
			"Rev": "38caab951a9ff39f0e61294a1dbaaa074a39228b"
		},
		{
			"ImportPath": "github.com/onsi/ginkgo/config",
			"Comment": "v1.1.0-41-g38caab9",
			"Rev": "38caab951a9ff39f0e61294a1dbaaa074a39228b"
		},
		{
			"ImportPath": "github.com/onsi/ginkgo/internal/codelocation",
			"Comment": "v1.1.0-41-g38caab9",
			"Rev": "38caab951a9ff39f0e61294a1dbaaa074a39228b"
		},
		{
			"ImportPath": "github.com/onsi/ginkgo/internal/containernode",
			"Comment": "v1.1.0-41-g38caab9",
			"Rev": "38caab951a9ff39f0e61294a1dbaaa074a39228b"
		},
		{
			"ImportPath": "github.com/onsi/ginkgo/internal/failer",
			"Comment": "v1.1.0-41-g38caab9",
			"Rev": "38caab951a9ff39f0e61294a1dbaaa074a39228b"
		},
		{
			"ImportPath": "github.com/onsi/ginkgo/internal/leafnodes",
			"Comment": "v1.1.0-41-g38caab9",
			"Rev": "38caab951a9ff39f0e61294a1dbaaa074a39228b"
		},
		{
			"ImportPath": "github.com/onsi/ginkgo/internal/remote",
			"Comment": "v1.1.0-41-g38caab9",
			"Rev": "38caab951a9ff39f0e61294a1dbaaa074a39228b"
		},
		{
			"ImportPath": "github.com/onsi/ginkgo/internal/spec",
			"Comment": "v1.1.0-41-g38caab9",
			"Rev": "38caab951a9ff39f0e61294a1dbaaa074a39228b"
		},
		{
			"ImportPath": "github.com/onsi/ginkgo/internal/specrunner",
			"Comment": "v1.1.0-41-g38caab9",
			"Rev": "38caab951a9ff39f0e61294a1dbaaa074a39228b"
		},
		{
			"ImportPath": "github.com/onsi/ginkgo/internal/suite",
			"Comment": "v1.1.0-41-g38caab9",
			"Rev": "38caab951a9ff39f0e61294a1dbaaa074a39228b"
		},
		{
			"ImportPath": "github.com/onsi/ginkgo/internal/testingtproxy",
			"Comment": "v1.1.0-41-g38caab9",
			"Rev": "38caab951a9ff39f0e61294a1dbaaa074a39228b"
		},
		{
			"ImportPath": "github.com/onsi/ginkgo/internal/writer",
			"Comment": "v1.1.0-41-g38caab9",
			"Rev": "38caab951a9ff39f0e61294a1dbaaa074a39228b"
		},
		{
			"ImportPath": "github.com/onsi/ginkgo/reporters",
			"Comment": "v1.1.0-41-g38caab9",
			"Rev": "38caab951a9ff39f0e61294a1dbaaa074a39228b"
		},
		{
			"ImportPath": "github.com/onsi/ginkgo/reporters/stenographer",
			"Comment": "v1.1.0-41-g38caab9",
			"Rev": "38caab951a9ff39f0e61294a1dbaaa074a39228b"
		},
		{
			"ImportPath": "github.com/onsi/ginkgo/types",
			"Comment": "v1.1.0-41-g38caab9",
			"Rev": "38caab951a9ff39f0e61294a1dbaaa074a39228b"
		},
		{
			"ImportPath": "github.com/onsi/gomega",
			"Comment": "v1.0-35-g4dfabf7",
			"Rev": "4dfabf7db2e4147ec99a86db32b2f2a3484cfee8"
		},
		{
			"ImportPath": "github.com/onsi/gomega/format",
			"Comment": "v1.0-35-g4dfabf7",
			"Rev": "4dfabf7db2e4147ec99a86db32b2f2a3484cfee8"
		},
		{
			"ImportPath": "github.com/onsi/gomega/internal/assertion",
			"Comment": "v1.0-35-g4dfabf7",
			"Rev": "4dfabf7db2e4147ec99a86db32b2f2a3484cfee8"
		},
		{
			"ImportPath": "github.com/onsi/gomega/internal/asyncassertion",
			"Comment": "v1.0-35-g4dfabf7",
			"Rev": "4dfabf7db2e4147ec99a86db32b2f2a3484cfee8"
		},
		{
			"ImportPath": "github.com/onsi/gomega/internal/testingtsupport",
			"Comment": "v1.0-35-g4dfabf7",
			"Rev": "4dfabf7db2e4147ec99a86db32b2f2a3484cfee8"
		},
		{
			"ImportPath": "github.com/onsi/gomega/matchers",
			"Comment": "v1.0-35-g4dfabf7",
			"Rev": "4dfabf7db2e4147ec99a86db32b2f2a3484cfee8"
		},
		{
			"ImportPath": "github.com/onsi/gomega/matchers/support/goraph/bipartitegraph",
			"Comment": "v1.0-35-g4dfabf7",
			"Rev": "4dfabf7db2e4147ec99a86db32b2f2a3484cfee8"
		},
		{
			"ImportPath": "github.com/onsi/gomega/matchers/support/goraph/edge",
			"Comment": "v1.0-35-g4dfabf7",
			"Rev": "4dfabf7db2e4147ec99a86db32b2f2a3484cfee8"
		},
		{
			"ImportPath": "github.com/onsi/gomega/matchers/support/goraph/node",
			"Comment": "v1.0-35-g4dfabf7",
			"Rev": "4dfabf7db2e4147ec99a86db32b2f2a3484cfee8"
		},
		{
			"ImportPath": "github.com/onsi/gomega/matchers/support/goraph/util",
			"Comment": "v1.0-35-g4dfabf7",
			"Rev": "4dfabf7db2e4147ec99a86db32b2f2a3484cfee8"
		},
		{
			"ImportPath": "github.com/onsi/gomega/types",
			"Comment": "v1.0-35-g4dfabf7",
			"Rev": "4dfabf7db2e4147ec99a86db32b2f2a3484cfee8"
		},
		{
			"ImportPath": "github.com/sergi/go-diff/diffmatchpatch",
			"Rev": "97b2266dfe4bd4ea1b81a463322f04f8b724801e"
		},
		{
			"ImportPath": "github.com/yudai/golcs",
			"Rev": "d1c525dea8ce39ea9a783d33cf08932305373f2c"
		},
		{
			"ImportPath": "github.com/yudai/pp",
			"Comment": "v2.0.1-5-gbe83154",
			"Rev": "be8315415630515a106fd60e6c73e81737218851"
		},
		{
			"ImportPath": "golang.org/x/sys/unix",
			"Rev": "a646d33e2ee3172a661fc09bca23bb4889a41bc8"
		}
	]
}
